REGION,GENDER,AGE_GROUP,ANNEE,NB_ETUDIANTS,POPULATION
Bourgogne-Franche-Comté,F,25-29 ans,2023,0,68509
Bourgogne-Franche-Comté,F,20-24 ans,2025,0,69717
Pays de la Loire,F,60 ans ou plus,2022,0,597045
Pays de la Loire,F,20-24 ans,2022,0,104598
Occitanie,M,60 ans ou plus,2025,0,857509
Bourgogne-Franche-Comté,F,40-44 ans,2025,0,84835
Bourgogne-Franche-Comté,F,50-54 ans,2025,0,93315
Bourgogne-Franche-Comté,F,55-59 ans,2025,0,94606
Bourgogne-Franche-Comté,F,60 ans ou plus,2025,0,485529
Bourgogne-Franche-Comté,M,40-44 ans,2025,0,84049
Bourgogne-Franche-Comté,M,50-54 ans,2024,0,93416
Bourgogne-Franche-Comté,F,45-49 ans,2024,0,81853
Bourgogne-Franche-Comté,M,60 ans ou plus,2024,0,392583
Pays de la Loire,F,60 ans ou plus,2024,0,613439
Bourgogne-Franche-Comté,F,35-39 ans,2023,0,81304
Bourgogne-Franche-Comté,F,40-44 ans,2023,0,84668
Pays de la Loire,F,45-49 ans,2024,0,119912
Bourgogne-Franche-Comté,F,50-54 ans,2023,0,94674
Bourgogne-Franche-Comté,F,55-59 ans,2023,0,95756
Bourgogne-Franche-Comté,F,60 ans ou plus,2023,0,477652
Bourgogne-Franche-Comté,M,20-24 ans,2023,0,78562
Pays de la Loire,F,35-39 ans,2023,0,118913
Pays de la Loire,F,20-24 ans,2024,0,107083
Bourgogne-Franche-Comté,M,55-59 ans,2024,0,93527
Bourgogne-Franche-Comté,F,50-54 ans,2024,0,94337
Auvergne-Rhône-Alpes,F,60 ans ou plus,2024,0,1231228
Provence-Alpes-Côte d'Azur,M,60 ans ou plus,2024,0,709964
Provence-Alpes-Côte d'Azur,M,20-24 ans,2024,0,139432
Provence-Alpes-Côte d'Azur,F,60 ans ou plus,2024,0,904351
Provence-Alpes-Côte d'Azur,F,20-24 ans,2024,0,132925
Provence-Alpes-Côte d'Azur,F,60 ans ou plus,2023,0,889463
Auvergne-Rhône-Alpes,M,55-59 ans,2024,0,262549
Provence-Alpes-Côte d'Azur,F,55-59 ans,2023,0,184659
Provence-Alpes-Côte d'Azur,F,45-49 ans,2023,0,161442
Centre-Val-de-Loire,F,25-29 ans,2022,0,62933
Centre-Val-de-Loire,F,55-59 ans,2022,0,87537
Pays de la Loire,M,40-44 ans,2023,0,123473
Bourgogne-Franche-Comté,F,55-59 ans,2024,0,95436
Bourgogne-Franche-Comté,F,60 ans ou plus,2024,0,481541
Pays de la Loire,F,30-34 ans,2023,0,111734
Pays de la Loire,F,20-24 ans,2023,0,106230
Pays de la Loire,M,60 ans ou plus,2022,0,477931
Pays de la Loire,M,40-44 ans,2022,0,121601
Pays de la Loire,M,20-24 ans,2022,0,112221
Bourgogne-Franche-Comté,M,45-49 ans,2024,0,80928
Bourgogne-Franche-Comté,M,60 ans ou plus,2022,0,384913
Provence-Alpes-Côte d'Azur,F,60 ans ou plus,2025,0,920335
DROM,F,25-29 ans,2024,0,129514
DROM,F,60 ans ou plus,2023,0,502472
DROM,M,20-24 ans,2023,0,121126
DROM,M,25-29 ans,2023,0,103246
DROM,M,30-34 ans,2023,0,114958
Normandie,F,25-29 ans,2022,0,85394
DROM,M,40-44 ans,2023,0,116566
DROM,M,45-49 ans,2023,0,121878
Normandie,F,20-24 ans,2022,0,88936
DROM,M,55-59 ans,2023,0,141828
DROM,M,60 ans ou plus,2023,0,418334
Normandie,M,55-59 ans,2022,0,107398
Centre-Val-de-Loire,F,55-59 ans,2023,0,87891
Hauts-de-France,M,60 ans ou plus,2025,0,689429
DROM,F,55-59 ans,2023,0,156480
Corse,F,30-34 ans,2025,0,10633
Corse,F,35-39 ans,2025,0,11694
Corse,F,40-44 ans,2025,0,12598
Corse,F,45-49 ans,2025,0,11706
Corse,F,50-54 ans,2025,0,12442
Corse,F,55-59 ans,2025,0,12280
Corse,F,60 ans ou plus,2025,0,62269
Corse,M,20-24 ans,2025,0,8377
DROM,F,50-54 ans,2023,0,153904
Normandie,M,50-54 ans,2022,0,107430
Pays de la Loire,M,20-24 ans,2023,0,114036
Bourgogne-Franche-Comté,M,50-54 ans,2023,0,93596
Pays de la Loire,F,60 ans ou plus,2023,0,604434
Bourgogne-Franche-Comté,M,60 ans ou plus,2023,0,388112
Bourgogne-Franche-Comté,F,20-24 ans,2024,0,69173
Bourgogne-Franche-Comté,F,25-29 ans,2024,0,68927
Bourgogne-Franche-Comté,F,30-34 ans,2024,0,74088
Bourgogne-Franche-Comté,F,35-39 ans,2024,0,82006
Pays de la Loire,F,35-39 ans,2024,0,120118
DROM,F,20-24 ans,2024,0,129212
Auvergne-Rhône-Alpes,F,50-54 ans,2024,0,274786
Auvergne-Rhône-Alpes,F,55-59 ans,2024,0,267544
Normandie,M,20-24 ans,2022,0,94648
DROM,M,55-59 ans,2022,0,140664
DROM,M,60 ans ou plus,2022,0,402648
DROM,F,20-24 ans,2023,0,130448
DROM,F,25-29 ans,2023,0,129694
DROM,F,30-34 ans,2023,0,148528
Normandie,F,60 ans ou plus,2022,0,545498
Normandie,F,40-44 ans,2022,0,100250
Normandie,F,30-34 ans,2022,0,95173
Normandie,M,60 ans ou plus,2022,0,429398
Occitanie,F,60 ans ou plus,2025,0,1049847
Bretagne,M,60 ans ou plus,2024,0,471265
Bretagne,F,20-24 ans,2025,0,89553
Bretagne,F,35-39 ans,2025,0,102090
Bretagne,F,50-54 ans,2025,0,116664
Bretagne,F,55-59 ans,2025,0,115175
Nouvelle-Aquitaine,F,60 ans ou plus,2025,0,1111750
Nouvelle-Aquitaine,F,45-49 ans,2025,0,187375
Bretagne,M,45-49 ans,2025,0,102495
Bretagne,F,25-29 ans,2025,0,86667
Bretagne,M,60 ans ou plus,2025,0,481196
Occitanie,F,60 ans ou plus,2023,0,1015889
Bretagne,M,20-24 ans,2023,0,97142
Nouvelle-Aquitaine,F,20-24 ans,2025,0,154879
Centre-Val-de-Loire,F,35-39 ans,2022,0,76920
Centre-Val-de-Loire,F,40-44 ans,2022,0,77852
Centre-Val-de-Loire,F,45-49 ans,2022,0,82218
Centre-Val-de-Loire,F,50-54 ans,2022,0,88106
Nouvelle-Aquitaine,F,25-29 ans,2025,0,153330
Occitanie,M,60 ans ou plus,2023,0,824784
Bretagne,M,35-39 ans,2023,0,98437
Occitanie,M,55-59 ans,2023,0,198147
Occitanie,M,50-54 ans,2023,0,199351
Centre-Val-de-Loire,F,20-24 ans,2022,0,63649
Bretagne,F,20-24 ans,2023,0,88884
Bretagne,M,55-59 ans,2022,0,111645
Occitanie,M,60 ans ou plus,2024,0,840808
Bretagne,F,25-29 ans,2023,0,84382
Occitanie,F,60 ans ou plus,2024,0,1032706
Occitanie,F,55-59 ans,2024,0,209325
Bretagne,F,40-44 ans,2023,0,106924
Occitanie,F,45-49 ans,2024,0,186761
Bretagne,F,50-54 ans,2023,0,115952
Bretagne,F,55-59 ans,2023,0,114678
Bretagne,F,60 ans ou plus,2023,0,579923
Bourgogne-Franche-Comté,F,20-24 ans,2023,0,69402
Nouvelle-Aquitaine,M,60 ans ou plus,2025,0,895959
Occitanie,F,45-49 ans,2023,0,189138
Bretagne,M,50-54 ans,2022,0,113178
Bretagne,F,60 ans ou plus,2022,0,572569
Bretagne,F,55-59 ans,2022,0,114499
Bretagne,F,50-54 ans,2022,0,114041
Bretagne,F,40-44 ans,2022,0,104997
Occitanie,F,55-59 ans,2025,0,208733
Occitanie,F,20-24 ans,2024,0,168591
Bretagne,F,20-24 ans,2022,0,88059
Bourgogne-Franche-Comté,M,60 ans ou plus,2025,0,397082
Pays de la Loire,F,40-44 ans,2025,0,126789
Pays de la Loire,M,60 ans ou plus,2023,0,485431
Bourgogne-Franche-Comté,F,50-54 ans,2022,0,94518
Bourgogne-Franche-Comté,F,55-59 ans,2022,0,95896
Bourgogne-Franche-Comté,F,60 ans ou plus,2022,0,474884
Bourgogne-Franche-Comté,M,20-24 ans,2022,0,77847
Pays de la Loire,F,20-24 ans,2025,0,107660
Bourgogne-Franche-Comté,M,35-39 ans,2022,0,80583
Bourgogne-Franche-Comté,M,40-44 ans,2022,0,82106
Pays de la Loire,M,60 ans ou plus,2024,0,494155
Pays de la Loire,M,50-54 ans,2024,0,130086
Provence-Alpes-Côte d'Azur,F,20-24 ans,2023,0,134201
Bourgogne-Franche-Comté,F,45-49 ans,2022,0,87123
Auvergne-Rhône-Alpes,F,20-24 ans,2022,0,228531
Île-de-France,F,60 ans ou plus,2025,0,1512916
Île-de-France,F,60 ans ou plus,2024,0,1492141
Île-de-France,F,60 ans ou plus,2023,0,1470656
Provence-Alpes-Côte d'Azur,M,60 ans ou plus,2025,0,724189
Auvergne-Rhône-Alpes,F,45-49 ans,2023,0,255141
Auvergne-Rhône-Alpes,F,50-54 ans,2023,0,273766
Auvergne-Rhône-Alpes,F,55-59 ans,2023,0,268450
Auvergne-Rhône-Alpes,F,60 ans ou plus,2023,0,1214097
Auvergne-Rhône-Alpes,M,55-59 ans,2023,0,262845
Bourgogne-Franche-Comté,M,55-59 ans,2022,0,93211
Corse,M,25-29 ans,2025,0,8383
Bretagne,M,60 ans ou plus,2023,0,461689
Occitanie,F,35-39 ans,2023,0,184797
Bretagne,M,50-54 ans,2024,0,117441
Occitanie,F,20-24 ans,2023,0,167446
Occitanie,M,50-54 ans,2022,0,197135
Bretagne,F,40-44 ans,2024,0,107394
Occitanie,F,60 ans ou plus,2022,0,1002662
Bretagne,F,50-54 ans,2024,0,117320
Bretagne,F,55-59 ans,2024,0,114677
Bourgogne-Franche-Comté,M,50-54 ans,2025,0,91657
Occitanie,F,20-24 ans,2022,0,165787
Normandie,F,60 ans ou plus,2023,0,550303
Occitanie,F,25-29 ans,2023,0,160825
Provence-Alpes-Côte d'Azur,M,20-24 ans,2022,0,139803
Provence-Alpes-Côte d'Azur,F,60 ans ou plus,2022,0,877683
Provence-Alpes-Côte d'Azur,F,20-24 ans,2022,0,133517
Pays de la Loire,M,60 ans ou plus,2025,0,503053
Pays de la Loire,M,55-59 ans,2025,0,121539
Auvergne-Rhône-Alpes,F,60 ans ou plus,2025,0,1248519
Pays de la Loire,F,60 ans ou plus,2025,0,622140
Pays de la Loire,F,50-54 ans,2025,0,129924
Bretagne,F,60 ans ou plus,2024,0,588778
Corse,M,60 ans ou plus,2023,0,51099
Normandie,M,55-59 ans,2025,0,105580
Centre-Val-de-Loire,F,30-34 ans,2024,0,70657
Centre-Val-de-Loire,F,40-44 ans,2023,0,78967
Centre-Val-de-Loire,F,45-49 ans,2023,0,79068
Centre-Val-de-Loire,F,50-54 ans,2023,0,88707
Centre-Val-de-Loire,F,60 ans ou plus,2023,0,429391
Nouvelle-Aquitaine,F,20-24 ans,2023,0,155061
Nouvelle-Aquitaine,M,20-24 ans,2022,0,164944
Nouvelle-Aquitaine,F,60 ans ou plus,2022,0,1071718
Nouvelle-Aquitaine,F,20-24 ans,2022,0,153766
Centre-Val-de-Loire,M,40-44 ans,2023,0,76140
Normandie,F,20-24 ans,2025,0,88416
Nouvelle-Aquitaine,F,55-59 ans,2023,0,213832
Normandie,M,45-49 ans,2025,0,94461
Centre-Val-de-Loire,F,20-24 ans,2024,0,63860
Nouvelle-Aquitaine,F,25-29 ans,2023,0,150273
Corse,M,25-29 ans,2023,0,8330
Corse,M,30-34 ans,2023,0,10458
Corse,M,35-39 ans,2023,0,10441
Corse,M,40-44 ans,2023,0,11541
Corse,M,45-49 ans,2023,0,11025
Corse,M,50-54 ans,2023,0,12404
Corse,M,55-59 ans,2023,0,11883
Centre-Val-de-Loire,F,60 ans ou plus,2022,0,426427
Nouvelle-Aquitaine,M,60 ans ou plus,2024,0,881629
Centre-Val-de-Loire,F,60 ans ou plus,2025,0,437459
Centre-Val-de-Loire,M,20-24 ans,2025,0,69952
Normandie,F,60 ans ou plus,2024,0,556982
Normandie,F,55-59 ans,2024,0,111213
Normandie,F,25-29 ans,2024,0,86507
Normandie,F,20-24 ans,2024,0,88333
Normandie,M,60 ans ou plus,2023,0,434121
Normandie,M,55-59 ans,2023,0,107234
Centre-Val-de-Loire,M,55-59 ans,2025,0,84268
Corse,F,30-34 ans,2022,0,10719
Normandie,M,60 ans ou plus,2025,0,446846
Corse,F,20-24 ans,2024,0,8201
Nouvelle-Aquitaine,F,60 ans ou plus,2024,0,1097037
Nouvelle-Aquitaine,F,45-49 ans,2024,0,187998
Nouvelle-Aquitaine,M,60 ans ou plus,2023,0,867301
Nouvelle-Aquitaine,M,55-59 ans,2023,0,201810
Nouvelle-Aquitaine,M,50-54 ans,2023,0,204474
Centre-Val-de-Loire,M,50-54 ans,2022,0,85959
Centre-Val-de-Loire,M,55-59 ans,2022,0,84364
Centre-Val-de-Loire,M,60 ans ou plus,2022,0,344445
Centre-Val-de-Loire,F,20-24 ans,2023,0,64035
Corse,F,60 ans ou plus,2023,0,59976
Corse,M,50-54 ans,2022,0,12318
Corse,F,40-44 ans,2022,0,11895
Corse,F,45-49 ans,2022,0,12028
Corse,F,50-54 ans,2022,0,12260
Corse,F,55-59 ans,2022,0,12194
Corse,F,60 ans ou plus,2022,0,59061
Corse,M,20-24 ans,2022,0,8131
Corse,M,25-29 ans,2022,0,8350
Corse,M,30-34 ans,2022,0,10433
Corse,M,35-39 ans,2022,0,10373
Corse,M,20-24 ans,2023,0,8181
Corse,M,25-29 ans,2024,0,8424
Corse,F,35-39 ans,2022,0,11588
Corse,M,55-59 ans,2022,0,11579
Corse,M,60 ans ou plus,2022,0,50349
Corse,F,20-24 ans,2023,0,8048
Corse,F,25-29 ans,2023,0,8828
Corse,F,30-34 ans,2023,0,10824
Corse,F,35-39 ans,2023,0,11488
Corse,F,40-44 ans,2023,0,12256
Corse,F,45-49 ans,2023,0,11710
Corse,F,50-54 ans,2023,0,12544
Corse,F,55-59 ans,2023,0,12267
Corse,M,30-34 ans,2024,0,10359
Corse,M,35-39 ans,2024,0,10623
Corse,F,25-29 ans,2024,0,8911
Corse,F,30-34 ans,2024,0,10652
Corse,F,35-39 ans,2024,0,11622
Corse,F,40-44 ans,2024,0,12438
Normandie,M,20-24 ans,2023,0,95268
Corse,F,50-54 ans,2024,0,12417
Corse,F,55-59 ans,2024,0,12391
Corse,F,60 ans ou plus,2024,0,61085
Corse,M,20-24 ans,2024,0,8212
Nouvelle-Aquitaine,F,60 ans ou plus,2023,0,1082578
Normandie,F,60 ans ou plus,2025,0,563376
Centre-Val-de-Loire,F,55-59 ans,2025,0,87508
Corse,M,40-44 ans,2024,0,11795
Corse,M,45-49 ans,2024,0,10880
Corse,M,50-54 ans,2024,0,12293
Corse,M,55-59 ans,2024,0,12085
Corse,M,60 ans ou plus,2024,0,52054
Corse,F,20-24 ans,2025,0,8457
Corse,F,45-49 ans,2024,0,11649
Corse,F,20-24 ans,2022,0,7707
Corse,F,25-29 ans,2022,0,9075
Hauts-de-France,F,20-24 ans,2024,0,180798
Hauts-de-France,F,60 ans ou plus,2023,0,860783
Hauts-de-France,F,55-59 ans,2023,0,192990
Hauts-de-France,F,60 ans ou plus,2022,0,853289
Hauts-de-France,F,55-59 ans,2022,0,194380
Hauts-de-France,F,45-49 ans,2022,0,192319
Grand Est,F,20-24 ans,2023,0,153559
Hauts-de-France,F,20-24 ans,2022,0,180743
Grand Est,M,60 ans ou plus,2025,0,722908
Grand Est,F,40-44 ans,2023,0,176650
DROM,F,35-39 ans,2024,0,151154
Grand Est,M,60 ans ou plus,2024,0,711298
Grand Est,F,55-59 ans,2023,0,192436
Grand Est,F,60 ans ou plus,2023,0,864234
Grand Est,M,45-49 ans,2023,0,169185
Grand Est,M,60 ans ou plus,2023,0,700403
Grand Est,F,60 ans ou plus,2025,0,885198
Grand Est,F,45-49 ans,2025,0,164660
Grand Est,F,40-44 ans,2024,0,177761
Grand Est,F,45-49 ans,2024,0,165728
Grand Est,F,55-59 ans,2024,0,189493
Grand Est,F,60 ans ou plus,2024,0,874904
Grand Est,F,20-24 ans,2025,0,152953
Grand Est,F,50-54 ans,2023,0,188776
Grand Est,F,45-49 ans,2023,0,170113
Corse,M,30-34 ans,2025,0,10101
Corse,M,35-39 ans,2025,0,10998
Corse,M,40-44 ans,2025,0,11769
Corse,M,45-49 ans,2025,0,11149
Normandie,F,25-29 ans,2023,0,85151
Corse,M,55-59 ans,2025,0,12077
Corse,M,60 ans ou plus,2025,0,53186
DROM,F,20-24 ans,2022,0,129020
DROM,F,25-29 ans,2022,0,130808
Bourgogne-Franche-Comté,F,20-24 ans,2022,0,69439
DROM,F,35-39 ans,2022,0,148982
Hauts-de-France,M,55-59 ans,2025,0,183544
Normandie,F,55-59 ans,2023,0,112449
DROM,F,50-54 ans,2022,0,155260
DROM,F,55-59 ans,2022,0,155626
DROM,F,60 ans ou plus,2022,0,485938
DROM,M,20-24 ans,2022,0,122014
DROM,M,25-29 ans,2022,0,104454
Corse,M,50-54 ans,2025,0,12118
Hauts-de-France,F,50-54 ans,2024,0,197643
Hauts-de-France,F,45-49 ans,2024,0,183072
DROM,F,30-34 ans,2022,0,146064
Grand Est,F,20-24 ans,2022,0,153260
Hauts-de-France,M,60 ans ou plus,2024,0,678088
Hauts-de-France,F,60 ans ou plus,2024,0,871036
Grand Est,F,50-54 ans,2022,0,187809
Hauts-de-France,F,55-59 ans,2024,0,190767
DROM,F,50-54 ans,2025,0,150554
Centre-Val-de-Loire,F,45-49 ans,2024,0,76632
Centre-Val-de-Loire,F,50-54 ans,2024,0,88728
Centre-Val-de-Loire,F,55-59 ans,2024,0,87682
Centre-Val-de-Loire,F,60 ans ou plus,2024,0,433381
Normandie,M,20-24 ans,2025,0,95762
DROM,F,35-39 ans,2025,0,152540
Normandie,F,45-49 ans,2025,0,96361
Normandie,F,40-44 ans,2025,0,104630
Normandie,F,35-39 ans,2025,0,101139
Centre-Val-de-Loire,M,60 ans ou plus,2024,0,351290
Centre-Val-de-Loire,F,20-24 ans,2025,0,63918
Normandie,F,30-34 ans,2025,0,91958
Normandie,F,25-29 ans,2025,0,86690
Corse,F,25-29 ans,2025,0,8846
Normandie,M,60 ans ou plus,2024,0,440775
Normandie,M,55-59 ans,2024,0,106024
Normandie,M,45-49 ans,2024,0,95117
Hauts-de-France,F,60 ans ou plus,2025,0,881251
DROM,F,50-54 ans,2024,0,151508
DROM,F,55-59 ans,2024,0,156864
DROM,F,60 ans ou plus,2024,0,521492
DROM,M,20-24 ans,2024,0,118500
DROM,M,35-39 ans,2024,0,117926
DROM,M,50-54 ans,2024,0,133146
DROM,M,55-59 ans,2024,0,141712
DROM,M,60 ans ou plus,2024,0,435668
DROM,F,20-24 ans,2025,0,128996
Hauts-de-France,F,40-44 ans,2024,0,194518
Corse,M,40-44 ans,2022,0,11411
Corse,M,45-49 ans,2022,0,11263
Grand Est,F,60 ans ou plus,2022,0,856514
DROM,F,55-59 ans,2025,0,154836
DROM,F,60 ans ou plus,2025,0,539950
DROM,M,20-24 ans,2025,0,117774
Hauts-de-France,F,50-54 ans,2025,0,196962
Hauts-de-France,F,45-49 ans,2025,0,181398
DROM,M,45-49 ans,2025,0,118364
DROM,M,50-54 ans,2025,0,130678
DROM,M,55-59 ans,2025,0,140546
DROM,F,25-29 ans,2025,0,129022
Auvergne-Rhône-Alpes,F,20-24 ans,2025,3,229471
Auvergne-Rhône-Alpes,F,25-29 ans,2025,5,231531
Auvergne-Rhône-Alpes,F,30-34 ans,2025,4,250779
Auvergne-Rhône-Alpes,F,35-39 ans,2025,4,269068
Auvergne-Rhône-Alpes,F,40-44 ans,2025,2,274129
Auvergne-Rhône-Alpes,F,45-49 ans,2025,1,251756
Auvergne-Rhône-Alpes,F,50-54 ans,2025,2,272818
Auvergne-Rhône-Alpes,F,55-59 ans,2025,2,266580
Auvergne-Rhône-Alpes,M,20-24 ans,2025,9,243068
Auvergne-Rhône-Alpes,M,25-29 ans,2025,18,235447
Auvergne-Rhône-Alpes,M,30-34 ans,2025,16,249204
Auvergne-Rhône-Alpes,M,35-39 ans,2025,6,259958
Auvergne-Rhône-Alpes,M,40-44 ans,2025,11,262980
Auvergne-Rhône-Alpes,M,45-49 ans,2025,2,247438
Auvergne-Rhône-Alpes,M,50-54 ans,2025,1,272223
Auvergne-Rhône-Alpes,M,55-59 ans,2025,1,261726
Auvergne-Rhône-Alpes,M,60 ans ou plus,2025,2,1015863
Bourgogne-Franche-Comté,F,25-29 ans,2025,1,69372
Bourgogne-Franche-Comté,F,30-34 ans,2025,2,73041
Bourgogne-Franche-Comté,F,35-39 ans,2025,2,82046
Bourgogne-Franche-Comté,F,45-49 ans,2025,1,80679
Bourgogne-Franche-Comté,M,20-24 ans,2025,4,78498
Bourgogne-Franche-Comté,M,25-29 ans,2025,2,73734
Bourgogne-Franche-Comté,M,30-34 ans,2025,4,74506
Bourgogne-Franche-Comté,M,35-39 ans,2025,1,79640
Bourgogne-Franche-Comté,M,45-49 ans,2025,1,79969
Bourgogne-Franche-Comté,M,55-59 ans,2025,1,93347
Bretagne,F,30-34 ans,2025,4,92821
Bretagne,F,40-44 ans,2025,1,107887
Bretagne,F,45-49 ans,2025,3,102788
Bretagne,F,60 ans ou plus,2025,1,597567
Bretagne,M,20-24 ans,2025,3,97837
Bretagne,M,25-29 ans,2025,3,91559
Bretagne,M,30-34 ans,2025,4,93638
Bretagne,M,35-39 ans,2025,4,100783
Bretagne,M,40-44 ans,2025,4,105656
Bretagne,M,50-54 ans,2025,1,117257
Bretagne,M,55-59 ans,2025,1,111552
Centre-Val-de-Loire,F,25-29 ans,2025,3,65000
Centre-Val-de-Loire,F,30-34 ans,2025,3,69792
Centre-Val-de-Loire,F,35-39 ans,2025,1,77328
Centre-Val-de-Loire,F,40-44 ans,2025,2,79739
Centre-Val-de-Loire,F,45-49 ans,2025,2,75728
Centre-Val-de-Loire,F,50-54 ans,2025,1,87594
Centre-Val-de-Loire,M,25-29 ans,2025,6,66381
Centre-Val-de-Loire,M,30-34 ans,2025,2,68087
Centre-Val-de-Loire,M,35-39 ans,2025,7,73969
Centre-Val-de-Loire,M,40-44 ans,2025,3,76229
Centre-Val-de-Loire,M,45-49 ans,2025,2,73979
Centre-Val-de-Loire,M,50-54 ans,2025,1,85331
Centre-Val-de-Loire,M,60 ans ou plus,2025,2,355150
DROM,F,30-34 ans,2025,1,148170
DROM,F,40-44 ans,2025,1,150088
DROM,F,45-49 ans,2025,1,139824
DROM,M,25-29 ans,2025,2,103088
DROM,M,30-34 ans,2025,3,112798
DROM,M,35-39 ans,2025,2,119012
DROM,M,40-44 ans,2025,3,118468
DROM,M,60 ans ou plus,2025,1,452948
Grand Est,F,25-29 ans,2025,2,151291
Grand Est,F,30-34 ans,2025,4,161238
Grand Est,F,35-39 ans,2025,4,176033
Grand Est,F,40-44 ans,2025,1,178994
Grand Est,F,50-54 ans,2025,1,185202
Grand Est,F,55-59 ans,2025,1,187497
Grand Est,M,20-24 ans,2025,3,165443
Grand Est,M,25-29 ans,2025,7,158544
Grand Est,M,30-34 ans,2025,6,161770
Grand Est,M,35-39 ans,2025,10,171373
Grand Est,M,40-44 ans,2025,2,174132
Grand Est,M,45-49 ans,2025,2,164164
Grand Est,M,50-54 ans,2025,3,181982
Grand Est,M,55-59 ans,2025,1,182488
Hauts-de-France,F,20-24 ans,2025,1,180304
Hauts-de-France,F,25-29 ans,2025,2,170004
Hauts-de-France,F,30-34 ans,2025,2,175804
Hauts-de-France,F,35-39 ans,2025,1,193135
Hauts-de-France,F,40-44 ans,2025,2,195192
Hauts-de-France,F,55-59 ans,2025,2,189025
Hauts-de-France,M,20-24 ans,2025,3,186607
Hauts-de-France,M,25-29 ans,2025,11,168759
Hauts-de-France,M,30-34 ans,2025,12,171899
Hauts-de-France,M,35-39 ans,2025,10,187990
Hauts-de-France,M,40-44 ans,2025,4,190945
Hauts-de-France,M,45-49 ans,2025,4,177828
Hauts-de-France,M,50-54 ans,2025,2,195138
Normandie,F,50-54 ans,2025,2,109319
Normandie,F,55-59 ans,2025,1,110493
Normandie,M,25-29 ans,2025,2,88363
Normandie,M,30-34 ans,2025,4,92033
Normandie,M,35-39 ans,2025,2,99446
Normandie,M,40-44 ans,2025,6,100495
Normandie,M,50-54 ans,2025,2,107029
Nouvelle-Aquitaine,F,30-34 ans,2025,5,167873
Nouvelle-Aquitaine,F,35-39 ans,2025,2,184929
Nouvelle-Aquitaine,F,40-44 ans,2025,4,194897
Nouvelle-Aquitaine,F,50-54 ans,2025,2,213480
Nouvelle-Aquitaine,F,55-59 ans,2025,1,212230
Nouvelle-Aquitaine,M,20-24 ans,2025,6,167548
Nouvelle-Aquitaine,M,25-29 ans,2025,6,156062
Nouvelle-Aquitaine,M,30-34 ans,2025,7,164152
Nouvelle-Aquitaine,M,35-39 ans,2025,5,178959
Nouvelle-Aquitaine,M,40-44 ans,2025,1,186005
Nouvelle-Aquitaine,M,45-49 ans,2025,3,180710
Nouvelle-Aquitaine,M,50-54 ans,2025,1,205818
Nouvelle-Aquitaine,M,55-59 ans,2025,3,201904
Occitanie,F,20-24 ans,2025,1,169997
Occitanie,F,25-29 ans,2025,6,164543
Occitanie,F,30-34 ans,2025,4,176222
Occitanie,F,35-39 ans,2025,3,188441
Occitanie,F,40-44 ans,2025,2,196937
Occitanie,F,45-49 ans,2025,3,187634
Occitanie,F,50-54 ans,2025,2,207751
Occitanie,M,20-24 ans,2025,6,179965
Occitanie,M,25-29 ans,2025,12,167524
Occitanie,M,30-34 ans,2025,7,171837
Occitanie,M,35-39 ans,2025,9,180495
Occitanie,M,40-44 ans,2025,2,185901
Occitanie,M,45-49 ans,2025,5,180443
Occitanie,M,50-54 ans,2025,1,199338
Occitanie,M,55-59 ans,2025,4,197637
Pays de la Loire,F,25-29 ans,2025,1,104230
Pays de la Loire,F,30-34 ans,2025,2,110380
Pays de la Loire,F,35-39 ans,2025,1,120736
Pays de la Loire,F,45-49 ans,2025,3,119576
Pays de la Loire,F,55-59 ans,2025,2,123710
Pays de la Loire,M,20-24 ans,2025,1,117003
Pays de la Loire,M,25-29 ans,2025,3,108301
Pays de la Loire,M,30-34 ans,2025,4,111252
Pays de la Loire,M,35-39 ans,2025,3,118768
Pays de la Loire,M,40-44 ans,2025,3,123539
Pays de la Loire,M,45-49 ans,2025,3,120204
Pays de la Loire,M,50-54 ans,2025,1,130757
Provence-Alpes-Côte d'Azur,F,20-24 ans,2025,2,132017
Provence-Alpes-Côte d'Azur,F,25-29 ans,2025,3,137745
Provence-Alpes-Côte d'Azur,F,30-34 ans,2025,9,150811
Provence-Alpes-Côte d'Azur,F,35-39 ans,2025,2,165497
Provence-Alpes-Côte d'Azur,F,40-44 ans,2025,5,168724
Provence-Alpes-Côte d'Azur,F,45-49 ans,2025,2,159828
Provence-Alpes-Côte d'Azur,F,50-54 ans,2025,2,175563
Provence-Alpes-Côte d'Azur,F,55-59 ans,2025,1,181916
Provence-Alpes-Côte d'Azur,M,20-24 ans,2025,4,138637
Provence-Alpes-Côte d'Azur,M,25-29 ans,2025,10,136368
Provence-Alpes-Côte d'Azur,M,30-34 ans,2025,14,141704
Provence-Alpes-Côte d'Azur,M,35-39 ans,2025,11,153608
Provence-Alpes-Côte d'Azur,M,40-44 ans,2025,5,157493
Provence-Alpes-Côte d'Azur,M,45-49 ans,2025,5,152654
Provence-Alpes-Côte d'Azur,M,50-54 ans,2025,3,167592
Provence-Alpes-Côte d'Azur,M,55-59 ans,2025,1,167189
Île-de-France,F,20-24 ans,2025,6,426753
Île-de-France,F,25-29 ans,2025,34,451160
Île-de-France,F,30-34 ans,2025,33,454546
Île-de-France,F,35-39 ans,2025,35,456217
Île-de-France,F,40-44 ans,2025,17,440577
Île-de-France,F,45-49 ans,2025,10,406519
Île-de-France,F,50-54 ans,2025,6,407009
Île-de-France,F,55-59 ans,2025,1,383539
Île-de-France,M,20-24 ans,2025,27,415907
Île-de-France,M,25-29 ans,2025,51,432042
Île-de-France,M,30-34 ans,2025,50,432616
Île-de-France,M,35-39 ans,2025,38,428984
Île-de-France,M,40-44 ans,2025,14,412044
Île-de-France,M,45-49 ans,2025,20,397746
Île-de-France,M,50-54 ans,2025,10,400926
Île-de-France,M,55-59 ans,2025,5,364275
Île-de-France,M,60 ans ou plus,2025,3,1202559
Auvergne-Rhône-Alpes,F,20-24 ans,2024,1,229109
Auvergne-Rhône-Alpes,F,25-29 ans,2024,9,230279
Auvergne-Rhône-Alpes,F,30-34 ans,2024,1,251551
Auvergne-Rhône-Alpes,F,35-39 ans,2024,2,267546
Auvergne-Rhône-Alpes,F,40-44 ans,2024,1,272399
Auvergne-Rhône-Alpes,F,45-49 ans,2024,1,251139
Auvergne-Rhône-Alpes,M,20-24 ans,2024,7,241352
Auvergne-Rhône-Alpes,M,25-29 ans,2024,21,233708
Auvergne-Rhône-Alpes,M,30-34 ans,2024,12,248470
Auvergne-Rhône-Alpes,M,35-39 ans,2024,7,258138
Auvergne-Rhône-Alpes,M,40-44 ans,2024,8,261660
Auvergne-Rhône-Alpes,M,45-49 ans,2024,7,249055
Auvergne-Rhône-Alpes,M,50-54 ans,2024,2,273015
Auvergne-Rhône-Alpes,M,60 ans ou plus,2024,2,996750
Bourgogne-Franche-Comté,F,40-44 ans,2024,1,84743
Bourgogne-Franche-Comté,M,20-24 ans,2024,4,78362
Bourgogne-Franche-Comté,M,25-29 ans,2024,3,72601
Bourgogne-Franche-Comté,M,30-34 ans,2024,4,75239
Bourgogne-Franche-Comté,M,35-39 ans,2024,2,79900
Bourgogne-Franche-Comté,M,40-44 ans,2024,1,83663
Bretagne,F,20-24 ans,2024,1,89502
Bretagne,F,25-29 ans,2024,2,85533
Bretagne,F,30-34 ans,2024,3,92365
Bretagne,F,35-39 ans,2024,1,101772
Bretagne,F,45-49 ans,2024,2,103417
Bretagne,M,20-24 ans,2024,3,97516
Bretagne,M,25-29 ans,2024,3,89853
Bretagne,M,30-34 ans,2024,4,93523
Bretagne,M,35-39 ans,2024,2,99723
Bretagne,M,40-44 ans,2024,4,105807
Bretagne,M,45-49 ans,2024,1,103461
Bretagne,M,55-59 ans,2024,1,111660
Centre-Val-de-Loire,F,25-29 ans,2024,1,64319
Centre-Val-de-Loire,F,35-39 ans,2024,1,77449
Centre-Val-de-Loire,F,40-44 ans,2024,1,79432
Centre-Val-de-Loire,M,20-24 ans,2024,2,69151
Centre-Val-de-Loire,M,25-29 ans,2024,5,65418
Centre-Val-de-Loire,M,30-34 ans,2024,3,68747
Centre-Val-de-Loire,M,35-39 ans,2024,6,73618
Centre-Val-de-Loire,M,40-44 ans,2024,3,76066
Centre-Val-de-Loire,M,45-49 ans,2024,1,75392
Centre-Val-de-Loire,M,50-54 ans,2024,1,86285
Centre-Val-de-Loire,M,55-59 ans,2024,1,84525
DROM,F,30-34 ans,2024,1,148546
DROM,F,40-44 ans,2024,1,148370
DROM,F,45-49 ans,2024,1,141620
DROM,M,25-29 ans,2024,1,103628
DROM,M,30-34 ans,2024,2,114144
DROM,M,40-44 ans,2024,1,117470
DROM,M,45-49 ans,2024,2,119936
Grand Est,F,20-24 ans,2024,1,152653
Grand Est,F,25-29 ans,2024,2,151302
Grand Est,F,30-34 ans,2024,2,163485
Grand Est,F,35-39 ans,2024,1,175809
Grand Est,F,50-54 ans,2024,1,188786
Grand Est,M,20-24 ans,2024,4,165252
Grand Est,M,25-29 ans,2024,10,157330
Grand Est,M,30-34 ans,2024,7,164129
Grand Est,M,35-39 ans,2024,11,170903
Grand Est,M,40-44 ans,2024,3,173027
Grand Est,M,45-49 ans,2024,6,165888
Grand Est,M,50-54 ans,2024,1,184599
Grand Est,M,55-59 ans,2024,1,185014
Hauts-de-France,F,25-29 ans,2024,1,168684
Hauts-de-France,F,30-34 ans,2024,2,178548
Hauts-de-France,F,35-39 ans,2024,2,194351
Hauts-de-France,M,20-24 ans,2024,8,187277
Hauts-de-France,M,25-29 ans,2024,12,167593
Hauts-de-France,M,30-34 ans,2024,6,174658
Hauts-de-France,M,35-39 ans,2024,7,187727
Hauts-de-France,M,40-44 ans,2024,2,190633
Hauts-de-France,M,45-49 ans,2024,5,180248
Hauts-de-France,M,50-54 ans,2024,3,195404
Hauts-de-France,M,55-59 ans,2024,3,184923
Normandie,F,30-34 ans,2024,1,92971
Normandie,F,35-39 ans,2024,3,101555
Normandie,F,40-44 ans,2024,1,103530
Normandie,F,45-49 ans,2024,1,97518
Normandie,F,50-54 ans,2024,1,110853
Normandie,M,20-24 ans,2024,3,95488
Normandie,M,25-29 ans,2024,2,87545
Normandie,M,30-34 ans,2024,3,92519
Normandie,M,35-39 ans,2024,2,98730
Normandie,M,40-44 ans,2024,2,100620
Normandie,M,50-54 ans,2024,1,108524
Nouvelle-Aquitaine,F,20-24 ans,2024,2,154708
Nouvelle-Aquitaine,F,25-29 ans,2024,3,152099
Nouvelle-Aquitaine,F,30-34 ans,2024,3,168301
Nouvelle-Aquitaine,F,35-39 ans,2024,4,183666
Nouvelle-Aquitaine,F,40-44 ans,2024,4,193950
Nouvelle-Aquitaine,F,50-54 ans,2024,2,214332
Nouvelle-Aquitaine,F,55-59 ans,2024,1,213500
Nouvelle-Aquitaine,M,20-24 ans,2024,3,167150
Nouvelle-Aquitaine,M,25-29 ans,2024,13,153734
Nouvelle-Aquitaine,M,30-34 ans,2024,11,164004
Nouvelle-Aquitaine,M,35-39 ans,2024,5,176676
Nouvelle-Aquitaine,M,40-44 ans,2024,3,185604
Nouvelle-Aquitaine,M,45-49 ans,2024,2,181980
Nouvelle-Aquitaine,M,50-54 ans,2024,5,206914
Nouvelle-Aquitaine,M,55-59 ans,2024,1,201878
Occitanie,F,25-29 ans,2024,2,163043
Occitanie,F,30-34 ans,2024,6,175509
Occitanie,F,35-39 ans,2024,3,187446
Occitanie,F,40-44 ans,2024,3,195936
Occitanie,F,50-54 ans,2024,1,209112
Occitanie,M,20-24 ans,2024,3,177783
Occitanie,M,25-29 ans,2024,7,164730
Occitanie,M,30-34 ans,2024,11,171554
Occitanie,M,35-39 ans,2024,5,178331
Occitanie,M,40-44 ans,2024,4,185590
Occitanie,M,45-49 ans,2024,2,180337
Occitanie,M,50-54 ans,2024,2,200718
Occitanie,M,55-59 ans,2024,1,197840
Pays de la Loire,F,25-29 ans,2024,1,103048
Pays de la Loire,F,30-34 ans,2024,4,110656
Pays de la Loire,F,40-44 ans,2024,2,126263
Pays de la Loire,F,50-54 ans,2024,1,129805
Pays de la Loire,F,55-59 ans,2024,1,123456
Pays de la Loire,M,20-24 ans,2024,1,115871
Pays de la Loire,M,25-29 ans,2024,4,105648
Pays de la Loire,M,30-34 ans,2024,3,111504
Pays de la Loire,M,35-39 ans,2024,1,117596
Pays de la Loire,M,40-44 ans,2024,2,124062
Pays de la Loire,M,45-49 ans,2024,1,120524
Pays de la Loire,M,55-59 ans,2024,1,121107
Provence-Alpes-Côte d'Azur,F,25-29 ans,2024,7,135599
Provence-Alpes-Côte d'Azur,F,30-34 ans,2024,1,152482
Provence-Alpes-Côte d'Azur,F,35-39 ans,2024,1,163415
Provence-Alpes-Côte d'Azur,F,40-44 ans,2024,2,167875
Provence-Alpes-Côte d'Azur,F,45-49 ans,2024,2,159306
Provence-Alpes-Côte d'Azur,F,50-54 ans,2024,1,178005
Provence-Alpes-Côte d'Azur,F,55-59 ans,2024,1,183582
Provence-Alpes-Côte d'Azur,M,25-29 ans,2024,3,133845
Provence-Alpes-Côte d'Azur,M,30-34 ans,2024,9,142919
Provence-Alpes-Côte d'Azur,M,35-39 ans,2024,9,151759
Provence-Alpes-Côte d'Azur,M,40-44 ans,2024,2,156917
Provence-Alpes-Côte d'Azur,M,45-49 ans,2024,3,152441
Provence-Alpes-Côte d'Azur,M,50-54 ans,2024,3,168554
Provence-Alpes-Côte d'Azur,M,55-59 ans,2024,2,168575
Île-de-France,F,20-24 ans,2024,4,427035
Île-de-France,F,25-29 ans,2024,33,443743
Île-de-France,F,30-34 ans,2024,30,459192
Île-de-France,F,35-39 ans,2024,21,455079
Île-de-France,F,40-44 ans,2024,8,439141
Île-de-France,F,45-49 ans,2024,10,406382
Île-de-France,F,50-54 ans,2024,2,408392
Île-de-France,F,55-59 ans,2024,1,387164
Île-de-France,M,20-24 ans,2024,12,415708
Île-de-France,M,25-29 ans,2024,57,423707
Île-de-France,M,30-34 ans,2024,39,435474
Île-de-France,M,35-39 ans,2024,35,424579
Île-de-France,M,40-44 ans,2024,25,412624
Île-de-France,M,45-49 ans,2024,16,401052
Île-de-France,M,50-54 ans,2024,10,399422
Île-de-France,M,55-59 ans,2024,2,367112
Île-de-France,M,60 ans ou plus,2024,1,1180487
Auvergne-Rhône-Alpes,F,20-24 ans,2023,1,229432
Auvergne-Rhône-Alpes,F,25-29 ans,2023,2,227409
Auvergne-Rhône-Alpes,F,30-34 ans,2023,6,253962
Auvergne-Rhône-Alpes,F,35-39 ans,2023,4,265347
Auvergne-Rhône-Alpes,F,40-44 ans,2023,2,269093
Auvergne-Rhône-Alpes,M,20-24 ans,2023,2,240349
Auvergne-Rhône-Alpes,M,25-29 ans,2023,8,230913
Auvergne-Rhône-Alpes,M,30-34 ans,2023,9,248724
Auvergne-Rhône-Alpes,M,35-39 ans,2023,6,254929
Auvergne-Rhône-Alpes,M,40-44 ans,2023,7,259368
Auvergne-Rhône-Alpes,M,45-49 ans,2023,5,254865
Auvergne-Rhône-Alpes,M,50-54 ans,2023,1,271042
Auvergne-Rhône-Alpes,M,60 ans ou plus,2023,1,978328
Bourgogne-Franche-Comté,F,30-34 ans,2023,2,75607
Bourgogne-Franche-Comté,F,45-49 ans,2023,1,84446
Bourgogne-Franche-Comté,M,25-29 ans,2023,4,71416
Bourgogne-Franche-Comté,M,30-34 ans,2023,2,76146
Bourgogne-Franche-Comté,M,35-39 ans,2023,2,79638
Bourgogne-Franche-Comté,M,40-44 ans,2023,1,83444
Bourgogne-Franche-Comté,M,45-49 ans,2023,1,83446
Bourgogne-Franche-Comté,M,55-59 ans,2023,2,93807
Bretagne,F,30-34 ans,2023,2,92742
Bretagne,F,35-39 ans,2023,1,100308
Bretagne,F,45-49 ans,2023,1,106033
Bretagne,M,25-29 ans,2023,4,88364
Bretagne,M,30-34 ans,2023,1,93617
Bretagne,M,40-44 ans,2023,1,105237
Bretagne,M,45-49 ans,2023,1,106882
Bretagne,M,50-54 ans,2023,1,115362
Bretagne,M,55-59 ans,2023,1,111701
Centre-Val-de-Loire,F,25-29 ans,2023,1,63428
Centre-Val-de-Loire,F,30-34 ans,2023,2,72125
Centre-Val-de-Loire,F,35-39 ans,2023,1,76632
Centre-Val-de-Loire,M,20-24 ans,2023,2,68938
Centre-Val-de-Loire,M,25-29 ans,2023,5,64319
Centre-Val-de-Loire,M,30-34 ans,2023,2,69682
Centre-Val-de-Loire,M,35-39 ans,2023,1,73080
Centre-Val-de-Loire,M,45-49 ans,2023,2,77595
Centre-Val-de-Loire,M,50-54 ans,2023,1,86220
Centre-Val-de-Loire,M,55-59 ans,2023,1,84737
Centre-Val-de-Loire,M,60 ans ou plus,2023,1,347476
DROM,F,35-39 ans,2023,1,149188
DROM,F,40-44 ans,2023,1,147142
DROM,F,45-49 ans,2023,1,144348
DROM,M,35-39 ans,2023,1,116802
DROM,M,50-54 ans,2023,1,135660
Grand Est,F,25-29 ans,2023,4,150914
Grand Est,F,30-34 ans,2023,1,166240
Grand Est,F,35-39 ans,2023,2,174501
Grand Est,M,20-24 ans,2023,1,165962
Grand Est,M,25-29 ans,2023,6,156200
Grand Est,M,30-34 ans,2023,10,165680
Grand Est,M,35-39 ans,2023,3,169548
Grand Est,M,40-44 ans,2023,4,172810
Grand Est,M,50-54 ans,2023,1,186265
Grand Est,M,55-59 ans,2023,1,186427
Hauts-de-France,F,20-24 ans,2023,1,181465
Hauts-de-France,F,25-29 ans,2023,4,167276
Hauts-de-France,F,30-34 ans,2023,5,181350
Hauts-de-France,F,35-39 ans,2023,3,193965
Hauts-de-France,F,40-44 ans,2023,2,194079
Hauts-de-France,F,45-49 ans,2023,1,187192
Hauts-de-France,F,50-54 ans,2023,2,196655
Hauts-de-France,M,20-24 ans,2023,2,187492
Hauts-de-France,M,25-29 ans,2023,6,166604
Hauts-de-France,M,30-34 ans,2023,9,177744
Hauts-de-France,M,35-39 ans,2023,5,186747
Hauts-de-France,M,40-44 ans,2023,4,189538
Hauts-de-France,M,45-49 ans,2023,2,185847
Hauts-de-France,M,50-54 ans,2023,2,193496
Hauts-de-France,M,55-59 ans,2023,1,186651
Hauts-de-France,M,60 ans ou plus,2023,1,666952
Normandie,F,20-24 ans,2023,1,89147
Normandie,F,30-34 ans,2023,2,94304
Normandie,F,35-39 ans,2023,2,101301
Normandie,F,40-44 ans,2023,1,102550
Normandie,F,45-49 ans,2023,2,100451
Normandie,F,50-54 ans,2023,1,110586
Normandie,M,25-29 ans,2023,6,86765
Normandie,M,30-34 ans,2023,2,93525
Normandie,M,35-39 ans,2023,1,97527
Normandie,M,40-44 ans,2023,2,100239
Normandie,M,45-49 ans,2023,1,97880
Normandie,M,50-54 ans,2023,2,108188
Nouvelle-Aquitaine,F,30-34 ans,2023,5,169643
Nouvelle-Aquitaine,F,35-39 ans,2023,1,181258
Nouvelle-Aquitaine,F,40-44 ans,2023,3,192386
Nouvelle-Aquitaine,F,45-49 ans,2023,3,193003
Nouvelle-Aquitaine,F,50-54 ans,2023,2,212228
Nouvelle-Aquitaine,M,20-24 ans,2023,2,166493
Nouvelle-Aquitaine,M,25-29 ans,2023,10,151786
Nouvelle-Aquitaine,M,30-34 ans,2023,9,164722
Nouvelle-Aquitaine,M,35-39 ans,2023,2,173767
Nouvelle-Aquitaine,M,40-44 ans,2023,1,184683
Nouvelle-Aquitaine,M,45-49 ans,2023,4,186993
Occitanie,F,30-34 ans,2023,4,176683
Occitanie,F,40-44 ans,2023,1,194300
Occitanie,F,50-54 ans,2023,1,207705
Occitanie,F,55-59 ans,2023,1,210139
Occitanie,M,20-24 ans,2023,1,176233
Occitanie,M,25-29 ans,2023,3,162789
Occitanie,M,30-34 ans,2023,7,171167
Occitanie,M,35-39 ans,2023,2,175588
Occitanie,M,40-44 ans,2023,4,185223
Occitanie,M,45-49 ans,2023,3,182452
Pays de la Loire,F,25-29 ans,2023,1,101387
Pays de la Loire,F,40-44 ans,2023,1,125434
Pays de la Loire,F,45-49 ans,2023,1,122102
Pays de la Loire,F,50-54 ans,2023,1,128015
Pays de la Loire,F,55-59 ans,2023,1,123676
Pays de la Loire,M,25-29 ans,2023,3,103415
Pays de la Loire,M,30-34 ans,2023,8,112074
Pays de la Loire,M,35-39 ans,2023,3,116316
Pays de la Loire,M,45-49 ans,2023,3,122950
Pays de la Loire,M,50-54 ans,2023,2,127720
Pays de la Loire,M,55-59 ans,2023,1,120949
Provence-Alpes-Côte d'Azur,F,25-29 ans,2023,2,133398
Provence-Alpes-Côte d'Azur,F,30-34 ans,2023,4,153822
Provence-Alpes-Côte d'Azur,F,35-39 ans,2023,1,161413
Provence-Alpes-Côte d'Azur,F,40-44 ans,2023,2,166780
Provence-Alpes-Côte d'Azur,F,50-54 ans,2023,1,178024
Provence-Alpes-Côte d'Azur,M,20-24 ans,2023,2,140210
Provence-Alpes-Côte d'Azur,M,25-29 ans,2023,7,131426
Provence-Alpes-Côte d'Azur,M,30-34 ans,2023,12,144587
Provence-Alpes-Côte d'Azur,M,35-39 ans,2023,5,149118
Provence-Alpes-Côte d'Azur,M,40-44 ans,2023,2,156764
Provence-Alpes-Côte d'Azur,M,45-49 ans,2023,2,153540
Provence-Alpes-Côte d'Azur,M,50-54 ans,2023,1,168712
Provence-Alpes-Côte d'Azur,M,55-59 ans,2023,1,168791
Provence-Alpes-Côte d'Azur,M,60 ans ou plus,2023,1,696838
Île-de-France,F,20-24 ans,2023,2,427737
Île-de-France,F,25-29 ans,2023,25,437192
Île-de-France,F,30-34 ans,2023,52,464314
Île-de-France,F,35-39 ans,2023,30,451905
Île-de-France,F,40-44 ans,2023,20,437677
Île-de-France,F,45-49 ans,2023,13,409558
Île-de-France,F,50-54 ans,2023,4,407088
Île-de-France,F,55-59 ans,2023,2,390975
Île-de-France,M,20-24 ans,2023,5,416143
Île-de-France,M,25-29 ans,2023,60,417066
Île-de-France,M,30-34 ans,2023,66,438217
Île-de-France,M,35-39 ans,2023,46,419535
Île-de-France,M,40-44 ans,2023,35,414697
Île-de-France,M,45-49 ans,2023,20,404740
Île-de-France,M,50-54 ans,2023,14,395238
Île-de-France,M,55-59 ans,2023,9,369436
Île-de-France,M,60 ans ou plus,2023,8,1159282
Auvergne-Rhône-Alpes,F,25-29 ans,2022,4,227869
Auvergne-Rhône-Alpes,F,30-34 ans,2022,9,252973
Auvergne-Rhône-Alpes,F,35-39 ans,2022,6,265304
Auvergne-Rhône-Alpes,F,40-44 ans,2022,5,263561
Auvergne-Rhône-Alpes,F,45-49 ans,2022,3,261130
Auvergne-Rhône-Alpes,F,50-54 ans,2022,2,271085
Auvergne-Rhône-Alpes,F,55-59 ans,2022,1,266994
Auvergne-Rhône-Alpes,F,60 ans ou plus,2022,1,1201312
Auvergne-Rhône-Alpes,M,20-24 ans,2022,1,239255
Auvergne-Rhône-Alpes,M,25-29 ans,2022,8,229782
Auvergne-Rhône-Alpes,M,30-34 ans,2022,15,247295
Auvergne-Rhône-Alpes,M,35-39 ans,2022,16,254980
Auvergne-Rhône-Alpes,M,40-44 ans,2022,7,255076
Auvergne-Rhône-Alpes,M,45-49 ans,2022,10,261532
Auvergne-Rhône-Alpes,M,50-54 ans,2022,3,267934
Auvergne-Rhône-Alpes,M,55-59 ans,2022,4,260661
Auvergne-Rhône-Alpes,M,60 ans ou plus,2022,2,963910
Bourgogne-Franche-Comté,F,25-29 ans,2022,2,68487
Bourgogne-Franche-Comté,F,30-34 ans,2022,1,76666
Bourgogne-Franche-Comté,F,35-39 ans,2022,1,81864
Bourgogne-Franche-Comté,F,40-44 ans,2022,1,83548
Bourgogne-Franche-Comté,M,25-29 ans,2022,4,71275
Bourgogne-Franche-Comté,M,30-34 ans,2022,6,76158
Bourgogne-Franche-Comté,M,45-49 ans,2022,2,86369
Bourgogne-Franche-Comté,M,50-54 ans,2022,3,93561
Bretagne,F,25-29 ans,2022,1,83474
Bretagne,F,30-34 ans,2022,4,92960
Bretagne,F,35-39 ans,2022,1,100341
Bretagne,F,45-49 ans,2022,1,108917
Bretagne,M,20-24 ans,2022,1,97043
Bretagne,M,25-29 ans,2022,2,86968
Bretagne,M,30-34 ans,2022,5,93119
Bretagne,M,35-39 ans,2022,3,98865
Bretagne,M,40-44 ans,2022,4,103643
Bretagne,M,45-49 ans,2022,4,110035
Bretagne,M,60 ans ou plus,2022,1,453105
Centre-Val-de-Loire,F,30-34 ans,2022,4,72900
Centre-Val-de-Loire,M,20-24 ans,2022,2,68680
Centre-Val-de-Loire,M,25-29 ans,2022,1,63579
Centre-Val-de-Loire,M,30-34 ans,2022,3,70117
Centre-Val-de-Loire,M,35-39 ans,2022,7,73397
Centre-Val-de-Loire,M,40-44 ans,2022,5,75290
Centre-Val-de-Loire,M,45-49 ans,2022,1,80214
DROM,F,40-44 ans,2022,2,145316
DROM,F,45-49 ans,2022,1,147642
DROM,M,30-34 ans,2022,3,113618
DROM,M,35-39 ans,2022,1,116172
DROM,M,40-44 ans,2022,1,116614
DROM,M,45-49 ans,2022,2,126034
DROM,M,50-54 ans,2022,2,136560
Grand Est,F,25-29 ans,2022,2,151462
Grand Est,F,30-34 ans,2022,4,168006
Grand Est,F,35-39 ans,2022,3,175546
Grand Est,F,40-44 ans,2022,2,173190
Grand Est,F,45-49 ans,2022,1,175778
Grand Est,F,55-59 ans,2022,1,193756
Grand Est,M,20-24 ans,2022,2,165884
Grand Est,M,25-29 ans,2022,6,156316
Grand Est,M,30-34 ans,2022,10,166340
Grand Est,M,35-39 ans,2022,10,170597
Grand Est,M,40-44 ans,2022,8,170271
Grand Est,M,45-49 ans,2022,2,174486
Grand Est,M,50-54 ans,2022,1,185608
Grand Est,M,55-59 ans,2022,3,187667
Grand Est,M,60 ans ou plus,2022,1,691444
Hauts-de-France,F,25-29 ans,2022,1,167340
Hauts-de-France,F,30-34 ans,2022,7,184679
Hauts-de-France,F,35-39 ans,2022,12,194611
Hauts-de-France,F,40-44 ans,2022,4,190967
Hauts-de-France,F,50-54 ans,2022,2,194384
Hauts-de-France,M,20-24 ans,2022,1,186248
Hauts-de-France,M,25-29 ans,2022,2,167168
Hauts-de-France,M,30-34 ans,2022,17,179837
Hauts-de-France,M,35-39 ans,2022,5,188234
Hauts-de-France,M,40-44 ans,2022,7,186844
Hauts-de-France,M,45-49 ans,2022,4,190618
Hauts-de-France,M,50-54 ans,2022,6,191932
Hauts-de-France,M,55-59 ans,2022,1,186952
Hauts-de-France,M,60 ans ou plus,2022,2,658155
Normandie,F,35-39 ans,2022,1,101931
Normandie,F,45-49 ans,2022,1,104152
Normandie,F,50-54 ans,2022,1,110009
Normandie,F,55-59 ans,2022,1,112927
Normandie,M,25-29 ans,2022,5,86310
Normandie,M,30-34 ans,2022,6,93536
Normandie,M,35-39 ans,2022,3,98057
Normandie,M,40-44 ans,2022,3,98210
Normandie,M,45-49 ans,2022,1,101654
Nouvelle-Aquitaine,F,25-29 ans,2022,1,150191
Nouvelle-Aquitaine,F,30-34 ans,2022,1,169765
Nouvelle-Aquitaine,F,35-39 ans,2022,3,180859
Nouvelle-Aquitaine,F,40-44 ans,2022,7,189218
Nouvelle-Aquitaine,F,45-49 ans,2022,4,198248
Nouvelle-Aquitaine,F,50-54 ans,2022,2,209507
Nouvelle-Aquitaine,F,55-59 ans,2022,1,213254
Nouvelle-Aquitaine,M,25-29 ans,2022,9,150388
Nouvelle-Aquitaine,M,30-34 ans,2022,16,164607
Nouvelle-Aquitaine,M,35-39 ans,2022,11,173221
Nouvelle-Aquitaine,M,40-44 ans,2022,7,182141
Nouvelle-Aquitaine,M,45-49 ans,2022,5,192658
Nouvelle-Aquitaine,M,50-54 ans,2022,3,201275
Nouvelle-Aquitaine,M,55-59 ans,2022,1,201205
Nouvelle-Aquitaine,M,60 ans ou plus,2022,1,855814
Occitanie,F,25-29 ans,2022,1,159618
Occitanie,F,30-34 ans,2022,5,176199
Occitanie,F,35-39 ans,2022,3,184360
Occitanie,F,40-44 ans,2022,5,190696
Occitanie,F,45-49 ans,2022,1,192843
Occitanie,F,50-54 ans,2022,1,205697
Occitanie,F,55-59 ans,2022,2,208809
Occitanie,M,20-24 ans,2022,2,173775
Occitanie,M,25-29 ans,2022,10,161274
Occitanie,M,30-34 ans,2022,14,169648
Occitanie,M,35-39 ans,2022,12,175287
Occitanie,M,40-44 ans,2022,6,182583
Occitanie,M,45-49 ans,2022,3,185979
Occitanie,M,55-59 ans,2022,2,196716
Occitanie,M,60 ans ou plus,2022,1,812218
Pays de la Loire,F,25-29 ans,2022,2,100624
Pays de la Loire,F,30-34 ans,2022,1,111621
Pays de la Loire,F,35-39 ans,2022,1,119787
Pays de la Loire,F,40-44 ans,2022,3,122673
Pays de la Loire,F,45-49 ans,2022,2,124709
Pays de la Loire,F,50-54 ans,2022,1,125881
Pays de la Loire,F,55-59 ans,2022,2,123747
Pays de la Loire,M,25-29 ans,2022,4,102069
Pays de la Loire,M,30-34 ans,2022,7,111092
Pays de la Loire,M,35-39 ans,2022,7,116874
Pays de la Loire,M,45-49 ans,2022,3,125732
Pays de la Loire,M,50-54 ans,2022,2,125268
Pays de la Loire,M,55-59 ans,2022,1,120546
Provence-Alpes-Côte d'Azur,F,25-29 ans,2022,4,133189
Provence-Alpes-Côte d'Azur,F,30-34 ans,2022,2,153231
Provence-Alpes-Côte d'Azur,F,35-39 ans,2022,1,161490
Provence-Alpes-Côte d'Azur,F,40-44 ans,2022,4,163862
Provence-Alpes-Côte d'Azur,F,45-49 ans,2022,1,165283
Provence-Alpes-Côte d'Azur,F,50-54 ans,2022,1,177411
Provence-Alpes-Côte d'Azur,F,55-59 ans,2022,1,183572
Provence-Alpes-Côte d'Azur,M,25-29 ans,2022,4,130652
Provence-Alpes-Côte d'Azur,M,30-34 ans,2022,17,144254
Provence-Alpes-Côte d'Azur,M,35-39 ans,2022,8,149106
Provence-Alpes-Côte d'Azur,M,40-44 ans,2022,6,154003
Provence-Alpes-Côte d'Azur,M,45-49 ans,2022,4,157331
Provence-Alpes-Côte d'Azur,M,50-54 ans,2022,2,166314
Provence-Alpes-Côte d'Azur,M,55-59 ans,2022,2,168350
Provence-Alpes-Côte d'Azur,M,60 ans ou plus,2022,2,686518
Île-de-France,F,20-24 ans,2022,5,422554
Île-de-France,F,25-29 ans,2022,12,438011
Île-de-France,F,30-34 ans,2022,37,465599
Île-de-France,F,35-39 ans,2022,31,450961
Île-de-France,F,40-44 ans,2022,34,434771
Île-de-France,F,45-49 ans,2022,16,414197
Île-de-France,F,50-54 ans,2022,4,403221
Île-de-France,F,55-59 ans,2022,6,393487
Île-de-France,F,60 ans ou plus,2022,1,1452302
Île-de-France,M,20-24 ans,2022,1,410020
Île-de-France,M,25-29 ans,2022,41,415647
Île-de-France,M,30-34 ans,2022,69,436749
Île-de-France,M,35-39 ans,2022,55,418794
Île-de-France,M,40-44 ans,2022,47,413734
Île-de-France,M,45-49 ans,2022,22,411669
Île-de-France,M,50-54 ans,2022,21,387897
Île-de-France,M,55-59 ans,2022,15,369531
Île-de-France,M,60 ans ou plus,2022,10,1142183
